{
   "output_file": "settings.json",
   "CooldownToggleResp": {
    "type": "checkbox",
    "value": true,
    "label": "Enable Cooldown response",
    "tooltip": "When enabled and the command is on cooldown/usercooldown the cooldown/usercooldown response will be sent.",
    "group": ""
   },
    "NoCooldownForCaster": {
    "type": "checkbox",
    "value": true,
    "label": "Disable Cooldown for the Streamer",
    "tooltip": "When enabled the streamer won't suffer any cooldown",
    "group": ""
   },
    "OnCooldownResp": {
    "type": "textbox",
    "value": "$user $command is still on cooldown for $cooldown seconds.",
    "label": "Cooldown",
    "tooltip": "Message sent when the command is on cooldown. \r\n- Available Parameters:\r\n  $user \r\n  $cooldown = time remaining \r\n  $command",
    "group": ""
   },
    "OnUserCooldownResp": {
    "type": "textbox",
    "value": "$user $command is still on user cooldown for $cooldown seconds.",
    "label": "User Cooldown",
    "tooltip": "Message sent when the command is on user cooldown. \r\n- Available Parameters:\r\n  $user \r\n  $cooldown = time remaining \r\n  $command",
    "group": ""
  },
  "openreadme": {
    "type": "button",
    "label": "Open README.txt",
    "tooltip": "Opens the README.txt for this script",
    "function": "OpenReadMe",
    "wsevent": "",
    "group": ""
  }
}