{
	"output_file": "settings.json",
	"command": {
	"type": "textbox",
	"value": "!export",
	"label": "Command name",
	"tooltip": "The command the bot will respond to",
	"group": ""
	},
	"ExportPlaylist": {
	"type": "button",
	"label": "Export and open playlist",
	"tooltip": "Exports the playlist, and if successful, will open the appropriate .txt",
	"function": "ExportPlaylist",
	"wsevent": "",
	"group": ""
	},
	"playlistname": {
	"type": "textbox",
	"value": "",
	"label": "Playlist Name",
	"tooltip": "Set the name of the .txt file that the playlist will be saved as",
	"group": ""
	},
	"Permission": {
	"type": "dropdown",
	"value": "Caster",
	"items": ["Everyone","Regular","Subscriber","GameWisp Subscriber","Moderator","Editor","Caster","Min_Rank","Min_Points","Min_Hours","user_Specific"],
	"label": "Permission level",
	"tooltip": "Set a minimum permission level required to use the store!",
	"group": ""
	},
	"PermissionInfo": {
	"type": "textbox",
	"value": "",
	"label": "Permission level info",
	"tooltip": "Set a minimum rank, points, hours, or specific user here",
	"group": ""
	},
	"notperm": {
	"type": "textbox",
	"value": "{0} -> you don't have permission to use this command. permission is: [{1} / {2}]",
	"label": "Not permitted message",
	"tooltip": "Message to send when the user permission doesn't match command permission \r\n{0} = user \r\n{1} = permission\r\n{2} = Info",
	"group": "General"
	},
	"openfolder": {
	"type": "button",
	"label": "Open Script Directory",
	"tooltip": "Opens the folder for this script",
	"function": "OpenFolder",
	"wsevent": "",
	"group": ""
	},
	"openReadMe": {
	"type": "button",
	"label": "Open README.txt",
	"tooltip": "Opens the README.txt for this script",
	"function": "OpenReadMe",
	"wsevent": "",
	"group": ""
	},
	"setdefaults": {
	"type": "button",
	"label": "Restore Default Settings",
	"tooltip": "Restores all script settings to the default ones!",
	"function": "SetDefaults",
	"wsevent": "",
	"group": ""
	}
}